{"v":"4.8.0","meta":{"g":"LottieFiles AE 1.0.0","a":"","k":"","d":"","tc":""},"fr":24,"ip":0,"op":72,"w":150,"h":150,"nm":"ic_gps_fixed_24px","ddd":0,"assets":[],"layers":[{"ddd":0,"ind":1,"ty":4,"nm":"gps_fixed_white_24dp Outlines","sr":1,"ks":{"o":{"a":0,"k":100,"ix":11},"r":{"a":0,"k":0,"ix":10},"p":{"a":0,"k":[75,75,0],"ix":2},"a":{"a":0,"k":[100,100,0],"ix":1},"s":{"a":1,"k":[{"i":{"x":[0.677,0.677,0.833],"y":[1,1,1.06]},"o":{"x":[0.296,0.296,0.167],"y":[0.017,0.017,-0.142]},"t":0,"s":[50,50,100]},{"i":{"x":[0.763,0.763,0.833],"y":[1,1,0.977]},"o":{"x":[0.321,0.321,0.167],"y":[0,0,-0.06]},"t":7,"s":[71.606,71.606,100]},{"i":{"x":[0.699,0.699,0.833],"y":[1,1,0.978]},"o":{"x":[0.327,0.327,0.167],"y":[0,0,0.022]},"t":14.024,"s":[50,50,100]},{"i":{"x":[0.679,0.679,0.833],"y":[0.995,0.995,1.077]},"o":{"x":[0.265,0.265,0.167],"y":[0,0,0.026]},"t":21,"s":[63.791,63.791,100]},{"t":29,"s":[50,50,100]}],"ix":6}},"ao":0,"sy":[{"c":{"a":0,"k":[0,0,0,1],"ix":2},"o":{"a":0,"k":30,"ix":3},"a":{"a":0,"k":120,"ix":5},"s":{"a":0,"k":12,"ix":8},"d":{"a":0,"k":0,"ix":6},"ch":{"a":0,"k":10,"ix":7},"bm":{"a":0,"k":5,"ix":1},"no":{"a":0,"k":0,"ix":9},"lc":{"a":0,"k":1,"ix":10},"ty":1,"nm":"Drop Shadow"}],"shapes":[{"ty":"gr","it":[{"ind":0,"ty":"sh","ix":1,"ks":{"a":0,"k":{"i":[[32.25,0],[0,32.25],[-32.25,0],[0,-32.25]],"o":[[-32.25,0],[0,-32.25],[32.25,0],[0,32.25]],"v":[[0,58.333],[-58.333,0],[0,-58.334],[58.333,0]],"c":true},"ix":2},"nm":"Path 1","mn":"ADBE Vector Shape - Group","hd":false},{"ind":1,"ty":"sh","ix":2,"ks":{"a":0,"k":{"i":[[0,0],[34.75,3.833],[0,0],[0,0],[0,0],[3.833,-34.75],[0,0],[0,0],[0,0],[-34.75,-3.834],[0,0],[0,0],[0,0],[-3.833,34.75],[0,0],[0,0]],"o":[[-3.833,-34.75],[0,0],[0,0],[0,0],[-34.75,3.833],[0,0],[0,0],[0,0],[3.833,34.75],[0,0],[0,0],[0,0],[34.75,-3.834],[0,0],[0,0],[0,0]],"v":[[74.5,-8.334],[8.333,-74.499],[8.333,-91.667],[-8.333,-91.667],[-8.333,-74.499],[-74.5,-8.334],[-91.667,-8.334],[-91.667,8.333],[-74.5,8.333],[-8.333,74.501],[-8.333,91.667],[8.333,91.667],[8.333,74.501],[74.5,8.333],[91.667,8.333],[91.667,-8.334]],"c":true},"ix":2},"nm":"Path 2","mn":"ADBE Vector Shape - Group","hd":false},{"ind":2,"ty":"sh","ix":3,"ks":{"a":0,"k":{"i":[[18.417,0],[0,-18.417],[-18.417,0],[0,18.416]],"o":[[-18.417,0],[0,18.416],[18.417,0],[0,-18.417]],"v":[[0,-33.334],[-33.333,0.001],[0,33.334],[33.333,0.001]],"c":true},"ix":2},"nm":"Path 3","mn":"ADBE Vector Shape - Group","hd":false},{"ty":"mm","mm":1,"nm":"Merge Paths 1","mn":"ADBE Vector Filter - Merge","hd":false},{"ty":"fl","c":{"a":0,"k":
[0.87451,0.878431,0.211765,1]
,"ix":4},"o":{"a":0,"k":100,"ix":5},"r":1,"bm":0,"nm":"Fill 1","mn":"ADBE Vector Graphic - Fill","hd":false},{"ty":"tr","p":{"a":0,"k":[100,100],"ix":2},"a":{"a":0,"k":[0,0],"ix":1},"s":{"a":0,"k":[100,100],"ix":3},"r":{"a":0,"k":0,"ix":6},"o":{"a":0,"k":100,"ix":7},"sk":{"a":0,"k":0,"ix":4},"sa":{"a":0,"k":0,"ix":5},"nm":"Transform"}],"nm":"Group 1","np":5,"cix":2,"bm":0,"ix":1,"mn":"ADBE Vector Group","hd":false}],"ip":0,"op":72,"st":0,"bm":0}],"markers":[]}